{
  "project_info": {
    "project_number": "942450229454",
    "firebase_url": "https://dicpen-87994.firebaseio.com",
    "project_id": "dicpen-87994",
    "storage_bucket": "dicpen-87994.appspot.com"
  },
  "client": [
    {
      "client_info": {
        "mobilesdk_app_id": "1:942450229454:android:fc4916e9e0f4f2d2",
        "android_client_info": {
          "package_name": "com.woon.newdicpen"
        }
      },
      "oauth_client": [
        {
          "client_id": "942450229454-cmtk6ro5t74c88raoirje0asq1n1q4pi.apps.googleusercontent.com",
          "client_type": 3
        }
      ],
      "api_key": [
        {
          "current_key": "AIzaSyAzZFdlIs6uJqRN-gGqBOdEQeb3BdXUiUo"
        }
      ],
      "services": {
        "analytics_service": {
          "status": 1
        },
        "appinvite_service": {
          "status": 1,
          "other_platform_oauth_client": []
        },
        "ads_service": {
          "status": 2
        }
      }
    }
  ],
  "configuration_version": "1"
}